id,downloadStatus
1,
2,B
3,
4,B
5,
6,
7,B
8,B
9,B
10,
11,
12,
13,
14,
15,
16,
17,B
18,B
19,B
20,
21,
22,
23,
24,B
25,
26,
27,
28,
29,
30,
31,
32,
33,
34,
35,
36,
37,B
38,B
39,B
40,
41,B
42,
43,
44,
45,B
46,
47,B
48,
49,
50,
51,B
52,B
53,
54,
55,
56,B
57,
58,B
59,
60,
61,
62,
63,B
64,
65,
66,
67,
68,B
69,
70,
71,
72,
73,B
74,
75,B
76,B
77,
78,B
79,B
80,
81,
82,B
83,B
84,
85,
86,
87,B
88,
89,
90,
91,
92,
93,
94,B
95,
96,
97,
98,
99,B
100,
101,
102,B
103,B
104,B
105,B
106,B
107,
108,B
109,B
110,B
111,
112,
113,
114,
115,B
116,B
117,
118,B
119,B
120,
121,
122,
123,
124,
125,
126,B
127,
128,
129,B
130,
131,
132,
133,
134,
135,
136,
137,B
138,
139,B
140,B
141,
142,B
143,
144,
145,
146,
147,
148,
149,
150,
151,
152,
153,
154,
155,
156,B
157,
158,
159,
160,
161,
162,B
163,
164,
165,
166,
167,B
168,B
169,
170,
171,B
172,B
173,
174,
175,
176,
177,
178,
179,
180,
181,B
182,
183,B
184,
185,
186,
187,
188,
189,
190,
191,
192,
193,
194,B
195,
196,
197,B
198,
199,
200,
201,
202,
203,
204,B
205,
206,
207,B
208,
209,
210,
211,
212,
213,
214,
215,
216,
217,
218,
219,
220,
221,B
222,
223,
224,
225,
226,
227,B
228,
229,
230,B
231,B
232,
233,
234,
235,B
236,
237,
238,B
239,B
240,B
241,
242,
243,B
244,B
245,
246,B
247,
248,
249,
250,
